{
  "sst2": {
    "prodigy": {
      "lr": 1.0,
      "test_accuracy": 88.76146788990826,
      "training_time": 1110.3980116844177,
      "category": "parameter-free"
    },
    "adam": {
      "lr": 1e-05,
      "test_accuracy": 90.36697247706422,
      "training_time": 608.8725066184998,
      "category": "baseline"
    },
    "sgd": {
      "lr": 0.001,
      "test_accuracy": 88.9908256880734,
      "training_time": 824.5882346630096,
      "category": "baseline"
    },
    "adamw": {
      "lr": 1e-05,
      "test_accuracy": 90.36697247706422,
      "training_time": 532.1433429718018,
      "category": "baseline"
    },
    "tdog": {
      "lr": 1.0,
      "test_accuracy": 90.59633027522936,
      "training_time": 957.1706664562225,
      "category": "parameter-free"
    },
    "ldog": {
      "lr": 1.0,
      "test_accuracy": 88.53211009174312,
      "training_time": 920.8144228458405,
      "category": "parameter-free"
    },
    "dog": {
      "lr": 1.0,
      "test_accuracy": 89.6788990825688,
      "training_time": 907.2163572311401,
      "category": "parameter-free"
    }
  },
  "oxford_pet": {
    "adam": {
      "lr": 0.0001,
      "test_accuracy": 86.18152085036795,
      "training_time": 144.29287004470825,
      "category": "baseline"
    },
    "sgd": {
      "lr": 0.001,
      "test_accuracy": 90.21531752521123,
      "training_time": 144.93236374855042,
      "category": "baseline"
    },
    "tdog": {
      "lr": 1.0,
      "test_accuracy": 89.0160806759335,
      "training_time": 147.98235845565796,
      "category": "parameter-free"
    },
    "adamw": {
      "lr": 0.0001,
      "test_accuracy": 87.4897792313982,
      "training_time": 224.06824731826782,
      "category": "baseline"
    },
    "ldog": {
      "lr": 1.0,
      "test_accuracy": 89.94276369582992,
      "training_time": 146.92373538017273,
      "category": "parameter-free"
    },
    "prodigy": {
      "lr": 1.0,
      "test_accuracy": 87.95312074134641,
      "training_time": 169.7277557849884,
      "category": "parameter-free"
    },
    "dog": {
      "lr": 1.0,
      "test_accuracy": 90.21531752521123,
      "training_time": 188.45042657852173,
      "category": "parameter-free"
    }
  },
  "cifar10": {
    "sgd": {
      "lr": 0.01,
      "test_accuracy": 87.37,
      "training_time": 283.3851935863495,
      "category": "baseline"
    },
    "adam": {
      "lr": 0.001,
      "test_accuracy": 87.74,
      "training_time": 281.84895420074463,
      "category": "baseline"
    },
    "tdog": {
      "lr": 1.0,
      "test_accuracy": 87.87,
      "training_time": 1079.7506957054138,
      "category": "parameter-free"
    },
    "adamw": {
      "lr": 0.001,
      "test_accuracy": 87.27,
      "training_time": 238.9520823955536,
      "category": "baseline"
    },
    "dog": {
      "lr": 1.0,
      "test_accuracy": 88.65,
      "training_time": 964.6089434623718,
      "category": "parameter-free"
    },
    "prodigy": {
      "lr": 1.0,
      "test_accuracy": 86.97,
      "training_time": 1418.754352092743,
      "category": "parameter-free"
    },
    "ldog": {
      "lr": 1.0,
      "test_accuracy": 87.87,
      "training_time": 969.3221035003662,
      "category": "parameter-free"
    }
  }
}