{
  "10_epochs": {
    "epochs": 10,
    "test_accuracy": 81.57,
    "training_time": 21.786819458007812
  },
  "20_epochs": {
    "epochs": 20,
    "test_accuracy": 85.6,
    "training_time": 43.48207187652588
  },
  "30_epochs": {
    "epochs": 30,
    "test_accuracy": 87.07,
    "training_time": 65.47090172767639
  },
  "40_epochs": {
    "epochs": 40,
    "test_accuracy": 87.53,
    "training_time": 139.8924789428711
  },
  "50_epochs": {
    "epochs": 50,
    "test_accuracy": 88.3,
    "training_time": 289.7386119365692
  }
}