{
  "10_epochs": {
    "epochs": 10,
    "test_accuracy": 81.8,
    "training_time": 31.387117862701416
  },
  "20_epochs": {
    "epochs": 20,
    "test_accuracy": 85.3,
    "training_time": 81.98615837097168
  },
  "30_epochs": {
    "epochs": 30,
    "test_accuracy": 87.07,
    "training_time": 119.11420917510986
  },
  "40_epochs": {
    "epochs": 40,
    "test_accuracy": 87.66,
    "training_time": 161.42518162727356
  },
  "50_epochs": {
    "epochs": 50,
    "test_accuracy": 87.96,
    "training_time": 195.22032165527344
  }
}